<?xml version="1.0" encoding="utf-8"?>
<Package xmlns="http://schemas.microsoft.com/appx/manifest/foundation/windows10" 
         xmlns:rescap="http://schemas.microsoft.com/appx/manifest/foundation/windows10/restrictedcapabilities" 
         xmlns:uap="http://schemas.microsoft.com/appx/manifest/uap/windows10">
  <Identity Name="SampleApp" Version="1.0.0.0" Publisher="CN=Self-signed Publisher" ProcessorArchitecture="neutral" />
  <Applications>
    <Application Id="SampleApp" Executable="SampleApp.exe" EntryPoint="Windows.FullTrustApplication">
      <uap:VisualElements DisplayName="Sample App" Description="Sample App Desktop" 
                          BackgroundColor="transparent" Square150x150Logo="Assets\Square150x150Logo.png" Square44x44Logo="Assets\Square44x44Logo.png">
        <uap:DefaultTile Wide310x150Logo="Assets\Wide310x150Logo.png" />
      </uap:VisualElements>
    </Application>
  </Applications>
  <Capabilities>
    <Capability Name="internetClient" />
    <rescap:Capability Name="runFullTrust" />
  </Capabilities>
  <Properties>
    <DisplayName>Sample App</DisplayName>
    <PublisherDisplayName>Self-signed Publisher</PublisherDisplayName>
    <Description>Sample App Desktop</Description>
    <Logo>Assets\Square50x50Logo.png</Logo>
  </Properties>
  <Resources>
    <Resource Language="en-us" />
  </Resources>
  <Extensions />
  <Dependencies>
    <TargetDeviceFamily Name="Windows.Desktop" MinVersion="10.0.19041.0" MaxVersionTested="10.0.22621.0" />
  </Dependencies>
</Package>